timestamp_ms,acc_x,acc_y,acc_z,gyro_x,gyro_y,gyro_z
2749,-0.023071,-0.008423,0.998047,-0.610352,-0.122070,0.122070
2769,-0.023926,-0.009033,1.006104,-0.671387,0.000000,-0.244141
2789,-0.024292,-0.008789,1.005371,-0.671387,0.122070,-0.183105
2809,-0.024292,-0.008423,1.005249,-0.671387,0.061035,-0.183105
2829,-0.023315,-0.008789,1.006226,-0.671387,0.000000,-0.183105
2849,-0.024292,-0.007568,1.006226,-0.671387,0.000000,-0.183105
2869,-0.023926,-0.008545,1.005005,-0.732422,0.000000,-0.183105
2889,-0.023804,-0.008179,1.005127,-0.732422,0.061035,-0.183105
2909,-0.024292,-0.008545,1.004517,-0.671387,0.061035,-0.183105
2929,-0.023926,-0.008911,1.005005,-0.732422,0.061035,-0.122070
2949,-0.023315,-0.007935,1.005249,-0.671387,0.061035,-0.183105
2969,-0.024292,-0.008423,1.005005,-0.671387,0.061035,-0.122070
2989,-0.024902,-0.007690,1.004272,-0.671387,0.000000,-0.183105
3009,-0.023682,-0.007202,1.004883,-0.610352,0.061035,-0.244141
3029,-0.023560,-0.008789,1.004639,-0.610352,0.061035,-0.183105
3049,-0.023926,-0.008545,1.004395,-0.732422,0.000000,-0.183105
3069,-0.024048,-0.008667,1.005371,-0.732422,0.000000,-0.122070
3089,-0.024048,-0.009399,1.005615,-0.732422,0.061035,-0.183105
3109,-0.023682,-0.008789,1.004517,-0.732422,0.061035,-0.122070
3129,-0.023193,-0.007813,1.004883,-0.671387,0.061035,-0.122070
3149,-0.024414,-0.008423,1.005493,-0.671387,0.061035,-0.183105
3169,-0.023926,-0.008789,1.005737,-0.610352,0.061035,-0.183105
3189,-0.023682,-0.007568,1.004883,-0.671387,0.000000,-0.122070
3209,-0.024048,-0.008911,1.004028,-0.732422,0.061035,-0.122070
3229,-0.024048,-0.009155,1.005127,-0.732422,0.061035,-0.183105
3249,-0.023560,-0.007813,1.005249,-0.732422,0.061035,-0.183105
3269,-0.023315,-0.009766,1.005615,-0.671387,0.000000,-0.122070
3289,-0.023804,-0.008789,1.004517,-0.671387,0.000000,-0.122070
3309,-0.023193,-0.008789,1.004395,-0.732422,0.000000,-0.122070
3329,-0.025024,-0.008057,1.004883,-0.671387,0.000000,-0.122070
3349,-0.022949,-0.007813,1.003784,-0.671387,0.000000,-0.122070
3369,-0.023560,-0.008545,1.003906,-0.671387,0.000000,-0.183105
3389,-0.025269,-0.008667,1.004395,-0.732422,0.122070,-0.244141
3409,-0.024658,-0.009399,1.005981,-0.732422,0.061035,-0.061035
3429,-0.023071,-0.008057,1.005493,-0.610352,0.000000,-0.122070
3449,-0.023560,-0.008667,1.005371,-0.671387,0.061035,-0.183105
3469,-0.022949,-0.008423,1.005859,-0.671387,0.061035,-0.183105
3489,-0.024170,-0.008057,1.005249,-0.671387,0.061035,-0.183105
3509,-0.024170,-0.006958,1.006348,-0.671387,0.000000,-0.122070
3529,-0.023560,-0.007568,1.005859,-0.671387,-0.061035,-0.183105
3549,-0.023437,-0.008789,1.004272,-0.671387,-0.061035,-0.122070
3569,-0.025879,-0.007813,1.003784,-0.671387,0.000000,-0.061035
3589,-0.023682,-0.009155,1.005493,-0.671387,0.061035,-0.122070
3609,-0.022949,-0.006470,1.006104,-0.671387,0.061035,-0.183105
3629,-0.025146,-0.008301,1.004272,-0.671387,0.061035,-0.122070
3649,-0.023193,-0.008789,1.005249,-0.732422,0.061035,-0.183105
3669,-0.024780,-0.007935,1.005127,-0.671387,0.000000,-0.122070
3689,-0.023926,-0.008057,1.004883,-0.671387,0.000000,-0.183105
3709,-0.023315,-0.009399,1.005981,-0.671387,0.061035,-0.183105
3729,-0.023682,-0.007080,1.006592,-0.671387,0.122070,-0.183105
3749,-0.023437,-0.007202,1.005615,-0.610352,0.000000,-0.122070
3769,-0.025146,-0.009521,1.004150,-0.671387,0.000000,-0.122070
3789,-0.022827,-0.007568,1.003784,-0.732422,0.061035,-0.183105
3809,-0.024902,-0.007935,1.006226,-0.671387,0.061035,-0.183105
3829,-0.023926,-0.009033,1.005859,-0.732422,0.000000,-0.122070
3849,-0.024170,-0.006958,1.005371,-0.671387,0.000000,-0.061035
3869,-0.024414,-0.009399,1.004639,-0.671387,0.061035,-0.183105
3889,-0.023315,-0.008179,1.006348,-0.732422,0.000000,-0.183105
3909,-0.024292,-0.008057,1.005737,-0.793457,0.061035,-0.122070
3929,-0.024414,-0.007568,1.005249,-0.671387,0.061035,-0.183105
3949,-0.023804,-0.008911,1.004395,-0.610352,0.000000,-0.244141
3969,-0.023437,-0.008423,1.006226,-0.732422,0.000000,-0.183105
3989,-0.024780,-0.007690,1.005127,-0.732422,0.061035,-0.183105
4009,-0.023804,-0.009033,1.003296,-0.732422,0.122070,-0.122070
4029,-0.023560,-0.007080,1.004517,-0.732422,0.061035,-0.183105
4049,-0.024170,-0.009155,1.005005,-0.671387,0.061035,-0.183105
4069,-0.024292,-0.008789,1.005493,-0.671387,0.122070,-0.183105
4089,-0.024414,-0.008057,1.004150,-0.671387,0.000000,-0.183105
4109,-0.025757,-0.009155,1.004517,-0.671387,0.000000,-0.122070
4129,-0.023437,-0.008789,1.006470,-0.732422,0.061035,-0.122070
4149,-0.022339,-0.007813,1.005859,-0.671387,0.000000,-0.183105
4169,-0.024902,-0.008545,1.005615,-0.671387,0.000000,-0.122070
4189,-0.024536,-0.008057,1.004761,-0.671387,0.000000,-0.122070
4209,-0.022949,-0.008179,1.004761,-0.732422,0.000000,-0.183105
4229,-0.024414,-0.008667,1.006348,-0.671387,0.000000,-0.183105
4249,-0.024902,-0.008911,1.003174,-0.732422,0.000000,-0.122070
4269,-0.024048,-0.008911,1.004028,-0.671387,0.000000,-0.122070
4289,-0.024780,-0.008179,1.003662,-0.610352,0.061035,-0.122070
4309,-0.022461,-0.008911,1.006104,-0.671387,0.061035,-0.122070
4329,-0.022583,-0.008423,1.005371,-0.671387,0.122070,-0.183105
4349,-0.024170,-0.009644,1.004639,-0.793457,0.061035,-0.122070
4369,-0.023682,-0.008423,1.006470,-0.793457,0.061035,-0.061035
4389,-0.024292,-0.007690,1.004272,-0.671387,0.061035,-0.122070
4409,-0.024414,-0.008667,1.005005,-0.671387,0.000000,-0.183105
4429,-0.023682,-0.006592,1.005249,-0.671387,0.000000,-0.183105
4449,-0.023560,-0.008057,1.006348,-0.732422,0.122070,-0.061035
4469,-0.025391,-0.008301,1.005493,-0.732422,0.122070,-0.122070
4489,-0.024048,-0.008545,1.004883,-0.671387,-0.061035,-0.122070
4509,-0.024048,-0.008667,1.005249,-0.671387,0.000000,-0.122070
4529,-0.024292,-0.008301,1.005371,-0.732422,0.061035,-0.061035
4549,-0.024414,-0.008301,1.005859,-0.671387,0.061035,-0.122070
4569,-0.023560,-0.008423,1.005615,-0.671387,0.000000,-0.183105
4589,-0.024048,-0.009033,1.005371,-0.610352,0.061035,-0.244141
4609,-0.022827,-0.009033,1.005493,-0.671387,0.061035,-0.183105
4629,-0.023437,-0.009033,1.004761,-0.671387,0.000000,-0.183105
4649,-0.026367,-0.009399,1.005981,-0.671387,0.000000,-0.122070
4669,-0.023437,-0.009155,1.005493,-0.671387,0.061035,-0.122070
4689,-0.024048,-0.009033,1.006104,-0.732422,0.061035,-0.061035
4709,-0.023804,-0.007568,1.006104,-0.671387,0.122070,-0.183105
4729,-0.024170,-0.008789,1.005371,-0.671387,0.000000,-0.183105
4749,-0.024170,-0.007935,1.005005,-0.732422,0.061035,-0.122070
4769,-0.024658,-0.008423,1.004272,-0.732422,0.061035,-0.183105
4789,-0.025146,-0.009033,1.003906,-0.671387,0.000000,-0.183105
4809,-0.023682,-0.007080,1.005005,-0.732422,0.000000,-0.122070
4829,-0.024292,-0.007324,1.005737,-0.732422,0.061035,-0.183105
4849,-0.023071,-0.008057,1.005615,-0.732422,0.061035,-0.183105
4869,-0.022827,-0.007080,1.006958,-0.732422,0.061035,-0.183105
4889,-0.024048,-0.007568,1.005371,-0.732422,0.000000,-0.122070
4909,-0.024780,-0.008545,1.005981,-0.671387,0.000000,-0.122070
4929,-0.023315,-0.008179,1.005249,-0.671387,0.000000,-0.122070
4949,-0.023437,-0.008057,1.004272,-0.671387,0.061035,-0.122070
4969,-0.022949,-0.009155,1.005249,-0.610352,0.000000,-0.183105
4989,-0.022217,-0.007568,1.005249,-0.732422,0.000000,-0.122070
5009,-0.023560,-0.009399,1.004761,-0.732422,0.000000,-0.122070
5029,-0.023193,-0.009155,1.005859,-0.732422,0.000000,-0.183105
5049,-0.023437,-0.007813,1.005127,-0.671387,0.000000,-0.122070
5069,-0.023804,-0.009155,1.005371,-0.671387,0.000000,-0.061035
5089,-0.023926,-0.007568,1.006470,-0.671387,0.061035,-0.061035
5109,-0.023193,-0.009277,1.004639,-0.671387,0.122070,-0.122070
5129,-0.024048,-0.007690,1.004272,-0.732422,0.061035,-0.183105
5149,-0.024048,-0.008179,1.004395,-0.671387,0.000000,-0.122070
5169,-0.022827,-0.008911,1.005249,-0.671387,0.000000,-0.183105
5189,-0.024048,-0.008789,1.005615,-0.732422,0.061035,-0.122070
5209,-0.024414,-0.007813,1.006348,-0.732422,0.061035,-0.122070
5229,-0.023682,-0.007446,1.004883,-0.671387,0.000000,-0.183105
5249,-0.024048,-0.008545,1.005737,-0.671387,-0.061035,-0.183105
5269,-0.023560,-0.008667,1.006348,-0.671387,0.000000,-0.061035
5289,-0.023560,-0.007080,1.004639,-0.610352,0.061035,-0.183105
5309,-0.023437,-0.008667,1.005005,-0.671387,0.000000,-0.183105
5329,-0.023926,-0.008301,1.005127,-0.732422,0.000000,-0.183105
5349,-0.023071,-0.008057,1.005493,-0.732422,0.061035,-0.183105
5369,-0.025879,-0.008911,1.006104,-0.732422,0.122070,-0.122070
5389,-0.023437,-0.007202,1.005005,-0.671387,0.000000,-0.122070
5409,-0.024170,-0.008301,1.005005,-0.671387,0.061035,-0.122070
5429,-0.024414,-0.008301,1.004395,-0.732422,0.061035,-0.183105
5449,-0.024536,-0.008789,1.004395,-0.671387,0.061035,-0.183105
5469,-0.022949,-0.008057,1.004639,-0.732422,0.122070,-0.183105
5489,-0.023437,-0.008789,1.005371,-0.732422,0.061035,-0.183105
5509,-0.024536,-0.007935,1.005615,-0.671387,0.000000,-0.183105
5529,-0.022949,-0.008057,1.004517,-0.732422,0.000000,-0.244141
5549,-0.025024,-0.009399,1.004639,-0.732422,0.000000,-0.183105
5569,-0.023682,-0.008545,1.005249,-0.732422,0.000000,-0.122070
5589,-0.023926,-0.008789,1.005493,-0.732422,-0.061035,-0.122070
5609,-0.024780,-0.008057,1.004883,-0.732422,0.061035,-0.122070
5629,-0.024414,-0.008545,1.004761,-0.671387,0.000000,-0.183105
5649,-0.025024,-0.007935,1.005127,-0.732422,0.000000,-0.183105
5669,-0.024902,-0.007690,1.004028,-0.671387,0.000000,-0.183105
5689,-0.022583,-0.008789,1.005127,-0.671387,0.000000,-0.122070
5709,-0.024536,-0.009033,1.004883,-0.671387,0.061035,-0.122070
5729,-0.025879,-0.008179,1.005005,-0.732422,0.000000,-0.122070
5749,-0.023071,-0.008057,1.005127,-0.671387,0.000000,-0.122070
5769,-0.023437,-0.008301,1.005859,-0.732422,0.000000,-0.183105
5789,-0.024414,-0.010010,1.005615,-0.671387,0.000000,-0.061035
5809,-0.024292,-0.010010,1.004639,-0.671387,0.000000,-0.122070
5829,-0.024902,-0.007446,1.005981,-0.732422,0.061035,-0.183105
5849,-0.024170,-0.008301,1.006104,-0.671387,0.061035,-0.183105
5869,-0.023315,-0.008423,1.005859,-0.732422,0.061035,-0.183105
5889,-0.023437,-0.006348,1.005127,-0.732422,0.061035,-0.122070
5909,-0.024780,-0.007446,1.003906,-0.671387,0.061035,-0.122070
5929,-0.024048,-0.009277,1.005493,-0.671387,0.061035,-0.122070
5949,-0.022339,-0.008057,1.005371,-0.732422,0.061035,-0.183105
5969,-0.024902,-0.008789,1.005493,-0.732422,0.000000,-0.122070
5989,-0.024048,-0.008667,1.005371,-0.671387,0.000000,-0.244141
6009,-0.024170,-0.008789,1.004761,-0.671387,0.000000,-0.183105
6029,-0.025146,-0.009155,1.005371,-0.671387,0.061035,-0.122070
6049,-0.023560,-0.008423,1.005127,-0.671387,0.000000,-0.183105
6069,-0.023560,-0.007813,1.005371,-0.671387,0.061035,-0.244141
6089,-0.024170,-0.007935,1.005371,-0.671387,0.061035,-0.183105
6109,-0.023437,-0.008301,1.005615,-0.671387,0.061035,-0.122070
6129,-0.021362,-0.008301,1.005371,-0.732422,0.061035,-0.183105
6149,-0.024536,-0.009644,1.004883,-0.671387,0.061035,-0.183105
6169,-0.023682,-0.009888,1.006470,-0.610352,0.000000,-0.122070
6189,-0.022827,-0.008789,1.006470,-0.671387,0.000000,-0.122070
6209,-0.024658,-0.007813,1.005127,-0.671387,0.000000,-0.122070
6229,-0.023682,-0.008179,1.005615,-0.732422,0.061035,-0.122070
6249,-0.022827,-0.008789,1.004639,-0.732422,0.061035,-0.122070
6269,-0.024292,-0.008179,1.005615,-0.732422,0.000000,-0.183105
6289,-0.023560,-0.008545,1.005737,-0.732422,0.061035,-0.122070
6309,-0.023804,-0.007446,1.005493,-0.671387,0.000000,-0.244141
6329,-0.024902,-0.007446,1.005371,-0.732422,0.000000,-0.183105
6349,-0.023682,-0.009644,1.005615,-0.793457,0.000000,-0.122070
6369,-0.022827,-0.007568,1.004272,-0.732422,0.122070,-0.122070
6389,-0.024048,-0.008667,1.004517,-0.671387,0.000000,-0.122070
6409,-0.023437,-0.008545,1.005127,-0.732422,0.000000,-0.122070
6429,-0.023437,-0.007446,1.005127,-0.732422,0.061035,-0.122070
6449,-0.024048,-0.008301,1.004639,-0.732422,0.061035,-0.122070
6469,-0.023193,-0.007935,1.005859,-0.732422,0.000000,-0.183105
6489,-0.023437,-0.008789,1.005615,-0.732422,0.000000,-0.122070
6509,-0.024536,-0.008667,1.006592,-0.671387,0.061035,-0.122070
6529,-0.024414,-0.008057,1.005737,-0.610352,0.061035,-0.183105
6549,-0.022705,-0.008057,1.006104,-0.671387,0.061035,-0.122070
6569,-0.024170,-0.008667,1.005615,-0.732422,0.061035,-0.183105
6589,-0.023804,-0.009644,1.005859,-0.671387,0.061035,-0.122070
6609,-0.023437,-0.007446,1.005127,-0.671387,0.000000,-0.122070
6629,-0.023804,-0.008423,1.005371,-0.732422,0.000000,-0.122070
6649,-0.024658,-0.008301,1.005981,-0.671387,0.000000,-0.061035
6669,-0.024170,-0.007080,1.004517,-0.671387,0.000000,-0.122070
6689,-0.023804,-0.008667,1.004272,-0.671387,0.000000,-0.122070
6709,-0.023682,-0.009644,1.005737,-0.732422,0.000000,-0.122070
6729,-0.022461,-0.008789,1.005005,-0.671387,0.000000,-0.122070
6749,-0.023560,-0.008179,1.005859,-0.671387,0.000000,-0.122070
6769,-0.024292,-0.008789,1.005737,-0.732422,0.061035,-0.122070
6789,-0.024780,-0.008667,1.005981,-0.732422,0.061035,-0.061035
6809,-0.024658,-0.008789,1.004028,-0.793457,0.061035,-0.183105
6829,-0.024170,-0.009155,1.004272,-0.732422,0.061035,-0.183105
6849,-0.023437,-0.008301,1.004517,-0.671387,0.061035,-0.122070
6869,-0.024048,-0.008545,1.004639,-0.671387,0.000000,-0.061035
6889,-0.023804,-0.009277,1.005981,-0.671387,0.061035,-0.122070
6909,-0.022949,-0.007935,1.003296,-0.732422,0.000000,-0.183105
6929,-0.024658,-0.009766,1.004883,-0.732422,0.000000,-0.122070
6949,-0.024536,-0.008179,1.004395,-0.732422,0.061035,-0.183105
6969,-0.023071,-0.008423,1.003784,-0.732422,0.061035,-0.183105
6989,-0.023682,-0.008057,1.005249,-0.671387,0.122070,-0.122070
7009,-0.024902,-0.009033,1.005371,-0.671387,0.000000,-0.122070
7029,-0.023560,-0.007690,1.005493,-0.732422,0.061035,-0.183105
7049,-0.024292,-0.008301,1.004761,-0.671387,0.061035,-0.122070
7069,-0.025391,-0.009399,1.004761,-0.671387,0.000000,-0.061035
7089,-0.022949,-0.007935,1.004639,-0.671387,0.061035,-0.122070
7109,-0.023926,-0.008911,1.004272,-0.732422,0.000000,-0.122070
7129,-0.023560,-0.008667,1.004883,-0.732422,0.061035,-0.122070
7149,-0.023560,-0.007690,1.005615,-0.610352,0.061035,-0.122070
7169,-0.023315,-0.007690,1.004761,-0.671387,-0.061035,-0.061035
7189,-0.024414,-0.007690,1.004150,-0.732422,-0.061035,-0.122070
7209,-0.023560,-0.007568,1.004639,-0.671387,0.061035,-0.183105
7229,-0.023804,-0.009644,1.005005,-0.793457,0.061035,-0.122070
7249,-0.022705,-0.009399,1.005127,-0.671387,0.061035,-0.061035
7269,-0.023315,-0.007568,1.004883,-0.671387,0.061035,-0.122070
7289,-0.024292,-0.008301,1.005493,-0.671387,0.000000,-0.183105
7309,-0.024292,-0.008911,1.005859,-0.732422,0.000000,-0.183105
7329,-0.023437,-0.008545,1.005249,-0.732422,0.061035,-0.183105
7349,-0.024170,-0.009155,1.006348,-0.671387,0.061035,-0.122070
7369,-0.024536,-0.009399,1.005371,-0.732422,0.000000,-0.122070
7389,-0.023804,-0.007813,1.006348,-0.671387,0.061035,-0.122070
7409,-0.024536,-0.009033,1.006226,-0.671387,0.000000,-0.122070
7429,-0.024658,-0.009277,1.005127,-0.732422,0.000000,-0.122070
7449,-0.023437,-0.009399,1.005493,-0.732422,0.061035,-0.244141
7469,-0.024048,-0.007935,1.005981,-0.671387,0.061035,-0.122070
7489,-0.024414,-0.009766,1.004639,-0.671387,0.000000,-0.122070
7509,-0.023560,-0.007568,1.005737,-0.732422,0.122070,-0.183105
7529,-0.024048,-0.008301,1.006104,-0.671387,0.000000,-0.122070
7549,-0.024780,-0.008911,1.005615,-0.610352,-0.122070,-0.183105
7569,-0.023560,-0.007813,1.004639,-0.671387,0.061035,-0.122070
7589,-0.023926,-0.008301,1.005005,-0.732422,0.061035,-0.244141
7609,-0.023926,-0.009521,1.004150,-0.732422,0.061035,-0.183105
7629,-0.022461,-0.007568,1.005981,-0.732422,0.000000,-0.183105
7649,-0.024658,-0.009277,1.005615,-0.671387,0.000000,-0.183105
7669,-0.024780,-0.008057,1.003418,-0.671387,0.061035,-0.183105
7689,-0.022217,-0.006348,1.006226,-0.671387,0.000000,-0.061035
7709,-0.024536,-0.008179,1.001953,-0.610352,-0.183105,-0.061035
7729,-0.024658,-0.008423,1.005249,-0.671387,0.061035,-0.183105
7749,-0.024048,-0.008179,1.005127,-0.732422,0.122070,-0.183105
7769,-0.023926,-0.008301,1.004883,-0.732422,0.061035,-0.061035
7789,-0.023560,-0.007324,1.005493,-0.671387,0.061035,-0.122070
7809,-0.024048,-0.008301,1.004028,-0.671387,0.061035,-0.122070
7829,-0.023437,-0.009766,1.005981,-0.671387,0.000000,-0.061035
7849,-0.023926,-0.008667,1.005981,-0.610352,-0.061035,-0.061035
7869,-0.023437,-0.008423,1.005249,-0.732422,0.061035,-0.183105
7889,-0.023804,-0.007935,1.004272,-0.671387,0.061035,-0.122070
7909,-0.023071,-0.008545,1.005615,-0.671387,0.000000,-0.122070
7929,-0.021606,-0.007813,1.007813,-0.732422,0.000000,-0.183105
7949,-0.024658,-0.008667,1.004517,-0.732422,0.000000,-0.183105
7969,-0.024048,-0.007935,1.004395,-0.732422,0.000000,-0.122070
7989,-0.023926,-0.008301,1.005371,-0.732422,0.000000,-0.122070
8009,-0.024536,-0.009155,1.005981,-0.671387,0.122070,-0.122070
8029,-0.024048,-0.009033,1.005127,-0.671387,0.000000,-0.061035
8049,-0.023682,-0.007568,1.006104,-0.671387,0.000000,-0.183105
8069,-0.024414,-0.009033,1.005859,-0.732422,0.122070,-0.122070
8089,-0.024414,-0.008301,1.004883,-0.732422,0.061035,-0.122070
8109,-0.023193,-0.007446,1.005005,-0.671387,-0.061035,-0.061035
8129,-0.024048,-0.008911,1.005371,-0.671387,0.000000,-0.122070
8149,-0.024048,-0.008423,1.005127,-0.732422,0.061035,-0.183105
8169,-0.024414,-0.008057,1.004639,-0.671387,0.061035,-0.122070
8189,-0.023315,-0.007202,1.005737,-0.671387,0.061035,-0.122070
8209,-0.024780,-0.009033,1.005493,-0.671387,0.061035,-0.061035
8229,-0.022827,-0.008179,1.006104,-0.671387,0.000000,-0.061035
8249,-0.024048,-0.009155,1.005249,-0.732422,0.000000,-0.183105
8269,-0.024414,-0.008789,1.005371,-0.671387,0.061035,-0.183105
8289,-0.022705,-0.006592,1.005005,-0.671387,0.000000,-0.122070
8309,-0.025146,-0.008789,1.005859,-0.610352,0.000000,-0.183105
8329,-0.023437,-0.008789,1.005737,-0.732422,0.122070,-0.244141
8349,-0.022949,-0.009155,1.005127,-0.610352,0.061035,-0.183105
8369,-0.023804,-0.007446,1.005005,-0.671387,0.000000,-0.122070
8389,-0.024048,-0.008423,1.004761,-0.732422,0.000000,-0.122070
8409,-0.023926,-0.007935,1.006104,-0.671387,0.000000,-0.122070
8429,-0.024658,-0.007813,1.004517,-0.671387,0.061035,-0.183105
8449,-0.023193,-0.009033,1.005615,-0.732422,0.000000,-0.183105
8469,-0.022217,-0.008179,1.005737,-0.732422,0.000000,-0.122070
8489,-0.024902,-0.009033,1.005493,-0.732422,0.061035,-0.183105
8509,-0.022583,-0.008545,1.005615,-0.732422,0.061035,-0.183105
8529,-0.023926,-0.008667,1.004272,-0.732422,0.061035,-0.244141
8549,-0.024902,-0.009033,1.005981,-0.732422,0.061035,-0.122070
8569,-0.022827,-0.007324,1.006104,-0.732422,0.122070,-0.183105
8589,-0.023437,-0.007446,1.005737,-0.732422,0.122070,-0.244141
8609,-0.023193,-0.008545,1.005005,-0.732422,0.000000,-0.183105
8629,-0.024292,-0.006470,1.005127,-0.732422,0.000000,-0.183105
8649,-0.023926,-0.007446,1.006226,-0.671387,0.061035,-0.183105
8669,-0.023926,-0.008057,1.004883,-0.671387,0.000000,-0.122070
8689,-0.024536,-0.009155,1.004883,-0.671387,0.061035,-0.122070
8709,-0.022461,-0.007202,1.005493,-0.732422,0.000000,-0.183105
8729,-0.024414,-0.008423,1.003784,-0.732422,0.000000,-0.122070
8749,-0.024658,-0.008301,1.005859,-0.671387,0.061035,-0.183105
8769,-0.024414,-0.008423,1.006104,-0.671387,0.061035,-0.183105
8789,-0.024414,-0.008179,1.005371,-0.671387,0.061035,-0.183105
8809,-0.024292,-0.008667,1.004150,-0.671387,0.000000,-0.183105
8829,-0.023682,-0.008301,1.006226,-0.610352,0.061035,-0.183105
8849,-0.023437,-0.008911,1.005371,-0.671387,0.061035,-0.122070
8869,-0.024536,-0.009399,1.005859,-0.732422,0.000000,-0.061035
8889,-0.023315,-0.008301,1.006226,-0.732422,0.000000,-0.244141
8909,-0.023682,-0.007202,1.004883,-0.671387,0.061035,-0.244141
8929,-0.024902,-0.009277,1.005249,-0.671387,0.061035,-0.244141
8949,-0.024536,-0.008911,1.004883,-0.732422,0.061035,-0.244141
8969,-0.024170,-0.008057,1.003540,-0.732422,0.000000,-0.122070
8989,-0.023193,-0.009033,1.005493,-0.671387,0.000000,-0.122070
9009,-0.023071,-0.008911,1.005493,-0.732422,0.000000,-0.122070
9029,-0.023193,-0.008301,1.004761,-0.671387,0.061035,-0.122070
9049,-0.022705,-0.008057,1.005493,-0.671387,0.000000,-0.122070
9069,-0.022949,-0.007324,1.005127,-0.732422,0.061035,-0.122070
9089,-0.024414,-0.007568,1.003784,-0.732422,0.000000,-0.122070
9109,-0.025391,-0.009644,1.004028,-0.671387,0.000000,-0.183105
9129,-0.023682,-0.008545,1.004028,-0.610352,0.061035,-0.122070
9149,-0.025024,-0.008789,1.004761,-0.671387,0.061035,-0.122070
9169,-0.023560,-0.008423,1.007202,-0.671387,0.000000,-0.183105
9189,-0.022827,-0.008667,1.005859,-0.732422,0.000000,-0.183105
9209,-0.024292,-0.008789,1.005615,-0.671387,0.061035,-0.061035
9229,-0.023926,-0.008789,1.004883,-0.671387,0.061035,-0.061035
9249,-0.022949,-0.009033,1.005005,-0.671387,0.061035,-0.183105
9269,-0.023437,-0.008789,1.006592,-0.610352,0.000000,-0.183105
9289,-0.024170,-0.009277,1.006104,-0.671387,0.000000,-0.244141
9309,-0.024536,-0.007813,1.005371,-0.732422,0.122070,-0.183105
9329,-0.023682,-0.008057,1.006104,-0.732422,0.122070,-0.122070
9349,-0.022949,-0.009155,1.005615,-0.671387,0.000000,-0.183105
9369,-0.023804,-0.008179,1.005005,-0.732422,0.000000,-0.122070
9389,-0.024536,-0.008301,1.004272,-0.671387,0.000000,-0.122070
9409,-0.025391,-0.008057,1.005249,-0.671387,0.061035,-0.122070
9429,-0.024048,-0.008789,1.005493,-0.671387,0.061035,-0.122070
9449,-0.024170,-0.008789,1.005371,-0.732422,0.061035,-0.122070
9469,-0.024170,-0.008667,1.004761,-0.732422,0.061035,-0.183105
9489,-0.023315,-0.008057,1.006714,-0.671387,0.061035,-0.183105
9509,-0.025146,-0.008667,1.005127,-0.610352,-0.061035,-0.122070
9529,-0.024780,-0.008301,1.003540,-0.610352,0.000000,-0.122070
9549,-0.022949,-0.008057,1.005371,-0.671387,0.000000,-0.183105
9569,-0.023804,-0.009521,1.005615,-0.732422,0.061035,-0.183105
9589,-0.024780,-0.008667,1.004761,-0.732422,0.122070,-0.183105
9609,-0.023682,-0.007446,1.004517,-0.671387,0.061035,-0.183105
9629,-0.023193,-0.008179,1.005127,-0.671387,0.000000,-0.183105
9649,-0.023193,-0.008911,1.005249,-0.610352,0.000000,-0.122070
9669,-0.024170,-0.007446,1.005615,-0.671387,0.000000,-0.122070
9689,-0.024292,-0.008911,1.005249,-0.732422,0.122070,-0.183105
9709,-0.022583,-0.009033,1.005371,-0.671387,0.122070,-0.183105
9729,-0.023193,-0.007446,1.004761,-0.732422,0.000000,-0.183105
9749,-0.025635,-0.008057,1.003418,-0.671387,-0.122070,-0.122070
9769,-0.023071,-0.008911,1.004761,-0.671387,0.061035,-0.061035
9789,-0.023437,-0.007813,1.006714,-0.671387,0.122070,-0.122070
9809,-0.023560,-0.007813,1.006348,-0.732422,0.061035,-0.122070
9829,-0.022461,-0.009644,1.005249,-0.671387,0.000000,-0.122070
9849,-0.023682,-0.007813,1.005981,-0.732422,-0.061035,-0.061035
9869,-0.025146,-0.008667,1.003052,-0.732422,0.000000,-0.122070
9889,-0.024536,-0.007690,1.005615,-0.732422,0.000000,-0.122070
9909,-0.022949,-0.007813,1.004883,-0.671387,0.000000,-0.183105
9929,-0.023560,-0.007935,1.004028,-0.732422,0.061035,-0.183105
9949,-0.024048,-0.008179,1.006226,-0.671387,0.061035,-0.183105
9969,-0.023437,-0.007202,1.006470,-0.671387,0.061035,-0.183105
9989,-0.023315,-0.007935,1.004639,-0.732422,0.000000,-0.183105
10009,-0.022949,-0.008789,1.006104,-0.671387,0.000000,-0.122070
10029,-0.023193,-0.006470,1.005249,-0.671387,0.000000,-0.061035
10049,-0.022949,-0.008789,1.005005,-0.732422,-0.061035,-0.183105
10069,-0.024536,-0.008911,1.006226,-0.671387,0.000000,-0.183105
10089,-0.023804,-0.007813,1.004883,-0.671387,0.061035,-0.122070
10109,-0.023315,-0.009155,1.006348,-0.610352,0.061035,-0.122070
10129,-0.024780,-0.009766,1.005493,-0.671387,0.061035,-0.122070
10149,-0.023193,-0.007324,1.004272,-0.671387,-0.061035,-0.061035
10169,-0.023437,-0.007568,1.006714,-0.671387,-0.061035,-0.122070
10189,-0.024658,-0.010132,1.005615,-0.671387,0.061035,-0.183105
10209,-0.024292,-0.008667,1.005615,-0.671387,0.183105,-0.122070
10229,-0.023437,-0.007324,1.005493,-0.671387,0.122070,-0.122070
10249,-0.022705,-0.009277,1.006592,-0.732422,0.061035,-0.183105
10269,-0.023926,-0.007813,1.004272,-0.671387,0.000000,-0.122070
10289,-0.023926,-0.008179,1.004028,-0.671387,0.061035,-0.122070
10309,-0.023926,-0.009888,1.006714,-0.671387,0.122070,-0.122070
10329,-0.023071,-0.008789,1.005249,-0.610352,0.000000,-0.122070
10349,-0.024292,-0.007202,1.007446,-0.610352,-0.061035,-0.061035
10369,-0.024048,-0.009766,1.004639,-0.671387,0.000000,-0.122070
10389,-0.022949,-0.008423,1.004272,-0.671387,0.122070,-0.183105
10409,-0.024170,-0.007568,1.006958,-0.732422,0.061035,-0.244141
10429,-0.024536,-0.008423,1.005859,-0.671387,0.000000,-0.183105
10449,-0.023071,-0.009399,1.003662,-0.610352,0.000000,-0.183105
10469,-0.024048,-0.008179,1.004639,-0.732422,0.000000,-0.122070
10489,-0.023560,-0.008667,1.005127,-0.671387,0.061035,-0.122070
10509,-0.023193,-0.007080,1.004150,-0.671387,0.061035,-0.122070
10529,-0.024292,-0.008789,1.005737,-0.732422,0.000000,-0.244141
10549,-0.024292,-0.009155,1.005371,-0.671387,0.061035,-0.183105
10569,-0.022705,-0.008301,1.004883,-0.671387,0.061035,-0.183105
10589,-0.024292,-0.008301,1.005737,-0.732422,0.061035,-0.183105
10609,-0.025146,-0.008423,1.005249,-0.671387,0.061035,-0.183105
10629,-0.024780,-0.006714,1.004883,-0.671387,0.000000,-0.122070
10649,-0.024414,-0.008789,1.004639,-0.732422,0.000000,-0.122070
10669,-0.023926,-0.008545,1.005859,-0.671387,0.122070,-0.183105
10689,-0.023926,-0.008057,1.006714,-0.610352,0.061035,-0.183105
10709,-0.024658,-0.008667,1.005005,-0.732422,0.061035,-0.183105
10729,-0.023560,-0.009277,1.005005,-0.732422,0.000000,-0.122070
10749,-0.022949,-0.008911,1.005981,-0.732422,0.000000,-0.183105
10769,-0.023926,-0.008423,1.006592,-0.671387,0.061035,-0.122070
10789,-0.024048,-0.008057,1.006104,-0.671387,0.000000,-0.122070
10809,-0.022949,-0.008057,1.006226,-0.732422,0.061035,-0.183105
10829,-0.024170,-0.008057,1.005737,-0.671387,0.000000,-0.122070
10849,-0.024048,-0.008667,1.005615,-0.671387,-0.061035,-0.122070
10869,-0.024048,-0.009277,1.004028,-0.671387,0.061035,-0.183105
10889,-0.024292,-0.008057,1.005615,-0.732422,0.061035,-0.122070
10909,-0.024414,-0.008789,1.005493,-0.671387,0.061035,-0.183105
10929,-0.023682,-0.008301,1.005493,-0.671387,0.061035,-0.244141
10949,-0.024414,-0.006836,1.006348,-0.610352,0.000000,-0.122070
10969,-0.024292,-0.009277,1.006104,-0.671387,0.061035,-0.122070
10989,-0.023804,-0.007690,1.004639,-0.732422,0.061035,-0.183105
11009,-0.023437,-0.007568,1.005371,-0.732422,0.061035,-0.122070
11029,-0.023804,-0.009399,1.005249,-0.732422,0.000000,-0.122070
11049,-0.023926,-0.008057,1.005005,-0.732422,0.000000,-0.122070
11069,-0.024536,-0.008423,1.005127,-0.671387,0.000000,-0.122070
11089,-0.023437,-0.008545,1.005981,-0.732422,0.061035,-0.122070
11109,-0.024170,-0.008179,1.006226,-0.732422,0.061035,-0.122070
11129,-0.023804,-0.008545,1.004761,-0.671387,0.061035,-0.122070
11149,-0.024780,-0.009521,1.005127,-0.671387,0.061035,-0.183105
11169,-0.022827,-0.007935,1.005371,-0.671387,0.061035,-0.183105
11189,-0.023804,-0.009277,1.004639,-0.671387,0.000000,-0.183105
11209,-0.025635,-0.008057,1.005127,-0.732422,0.000000,-0.183105
11229,-0.023071,-0.006958,1.005005,-0.610352,0.061035,-0.122070
11249,-0.023071,-0.008789,1.006226,-0.671387,0.061035,-0.122070
11269,-0.024048,-0.007446,1.006470,-0.671387,0.000000,-0.122070
11289,-0.024780,-0.007690,1.004395,-0.671387,0.000000,-0.122070
11309,-0.024658,-0.008911,1.005127,-0.610352,0.000000,-0.183105
11329,-0.024414,-0.009033,1.003784,-0.671387,0.122070,-0.183105
11349,-0.022461,-0.007568,1.006592,-0.671387,0.061035,-0.183105
11369,-0.023804,-0.008301,1.005859,-0.610352,0.061035,-0.122070
11389,-0.023071,-0.009277,1.006226,-0.610352,0.000000,-0.122070
11409,-0.022583,-0.006836,1.006592,-0.671387,0.000000,-0.122070
11429,-0.024414,-0.008423,1.006958,-0.671387,0.061035,-0.122070
11449,-0.023682,-0.008301,1.005981,-0.671387,0.000000,-0.122070
11469,-0.022705,-0.007324,1.005493,-0.732422,0.061035,-0.122070
11489,-0.023682,-0.008301,1.005249,-0.671387,0.000000,-0.183105
11509,-0.023560,-0.008911,1.005005,-0.671387,0.000000,-0.183105
11529,-0.023804,-0.008545,1.005981,-0.732422,0.061035,-0.122070
11549,-0.023926,-0.007813,1.007202,-0.793457,0.061035,-0.122070
11569,-0.024292,-0.008789,1.006226,-0.671387,0.061035,-0.122070
11589,-0.022949,-0.007690,1.005615,-0.671387,0.000000,-0.061035
11609,-0.024292,-0.007690,1.005615,-0.732422,0.000000,-0.183105
11629,-0.023193,-0.008667,1.005493,-0.671387,0.000000,-0.183105
11649,-0.023315,-0.006958,1.005127,-0.671387,0.122070,-0.183105
11669,-0.024780,-0.008545,1.004517,-0.671387,0.061035,-0.183105
11689,-0.023804,-0.008179,1.004639,-0.671387,0.061035,-0.122070
11709,-0.024170,-0.007813,1.004395,-0.671387,0.000000,-0.061035
11729,-0.023560,-0.008423,1.006226,-0.732422,0.061035,-0.061035
11749,-0.024414,-0.008545,1.005127,-0.671387,0.061035,-0.122070
11769,-0.022339,-0.007813,1.004639,-0.671387,0.000000,-0.122070
11789,-0.024048,-0.009399,1.006470,-0.732422,0.000000,-0.183105
11809,-0.025146,-0.008057,1.005249,-0.732422,0.000000,-0.122070
11829,-0.024048,-0.007324,1.005981,-0.671387,0.061035,-0.183105
11849,-0.024048,-0.008545,1.004883,-0.671387,0.000000,-0.122070
11869,-0.024170,-0.008911,1.003906,-0.671387,0.122070,-0.122070
11889,-0.021851,-0.006470,1.005859,-0.732422,0.061035,-0.183105
11909,-0.023071,-0.008911,1.005127,-0.671387,0.000000,-0.183105
11929,-0.024780,-0.009399,1.004883,-0.610352,0.000000,-0.183105
11949,-0.023193,-0.008057,1.006348,-0.671387,0.122070,-0.122070
11969,-0.023315,-0.008179,1.006226,-0.671387,0.061035,-0.122070
11989,-0.023682,-0.008789,1.004883,-0.671387,0.000000,-0.122070
12009,-0.022949,-0.008301,1.004639,-0.610352,0.000000,-0.122070
12029,-0.022705,-0.008545,1.004517,-0.671387,0.000000,-0.183105
12049,-0.023926,-0.009033,1.005981,-0.732422,-0.061035,-0.183105
12069,-0.023560,-0.008057,1.005981,-0.671387,0.061035,-0.183105
12089,-0.024536,-0.008057,1.005493,-0.671387,-0.061035,-0.244141
12109,-0.023682,-0.008545,1.006348,-0.671387,0.000000,-0.122070
12129,-0.022339,-0.005615,1.005737,-0.671387,0.061035,0.305176
12149,-0.025024,-0.007690,1.004883,-0.671387,0.000000,0.915527
12169,-0.025269,-0.009033,1.005615,-0.732422,0.122070,-0.183105
12189,-0.023315,-0.008057,1.005249,-0.671387,0.061035,-0.183105
12209,-0.023926,-0.007690,1.005493,-0.671387,0.061035,-0.183105
12229,-0.024414,-0.008179,1.005371,-0.610352,0.061035,-0.183105
12249,-0.023437,-0.008423,1.006226,-0.671387,0.000000,-0.122070
12269,-0.023804,-0.007813,1.006836,-0.732422,0.061035,-0.183105
12289,-0.024292,-0.008911,1.005615,-0.671387,0.061035,-0.122070
12309,-0.024414,-0.008667,1.004517,-0.732422,0.061035,-0.183105
12329,-0.023315,-0.007813,1.005249,-0.671387,0.000000,-0.244141
12349,-0.024292,-0.008911,1.005127,-0.732422,0.000000,-0.183105
12369,-0.023315,-0.008057,1.005493,-0.671387,0.000000,-0.183105
12389,-0.023437,-0.007813,1.004639,-0.732422,0.061035,-0.122070
12409,-0.024414,-0.009277,1.005493,-0.732422,0.000000,-0.122070
12429,-0.023926,-0.009033,1.005737,-0.671387,-0.061035,-0.183105
12449,-0.024902,-0.008057,1.005371,-0.671387,0.000000,-0.183105
12469,-0.023804,-0.008545,1.005005,-0.671387,0.000000,-0.122070
12489,-0.023193,-0.008789,1.004517,-0.732422,0.000000,-0.183105
12509,-0.023560,-0.007690,1.005127,-0.671387,0.000000,-0.183105
12529,-0.025024,-0.009399,1.005371,-0.732422,0.061035,-0.183105
12549,-0.023560,-0.007324,1.007446,-0.732422,0.000000,-0.183105
12569,-0.024170,-0.007813,1.004639,-0.732422,0.000000,-0.183105
12589,-0.025391,-0.009277,1.005005,-0.671387,0.061035,-0.122070
12609,-0.023315,-0.008545,1.005127,-0.732422,0.061035,-0.122070
12629,-0.023804,-0.008545,1.004150,-0.671387,0.000000,-0.122070
12649,-0.024170,-0.007446,1.005249,-0.610352,0.000000,-0.122070
12669,-0.023560,-0.007935,1.005615,-0.610352,0.000000,-0.183105
12689,-0.024292,-0.009033,1.005371,-0.671387,0.061035,-0.122070
12709,-0.025146,-0.007935,1.004517,-0.732422,0.061035,-0.122070
12729,-0.023193,-0.008423,1.006104,-0.671387,0.000000,-0.122070
12749,-0.023682,-0.008789,1.006836,-0.671387,0.061035,-0.183105